[
  {
    "id": "80951c1c-bbd2-4910-9541-221b1f9e3239",
    "data": [
      {
        "text": "I am done",
        "userDefined": false
      }
    ],
    "isTemplate": false,
    "count": 0,
    "updated": 1507077708
  },
  {
    "id": "98b0f0fb-b52a-42d0-acb3-606619630b2e",
    "data": [
      {
        "text": "close",
        "userDefined": false
      }
    ],
    "isTemplate": false,
    "count": 0,
    "updated": 0
  },
  {
    "id": "e291cbf6-01ce-44ee-a909-d005bcc401c6",
    "data": [
      {
        "text": "enough",
        "userDefined": false
      }
    ],
    "isTemplate": false,
    "count": 0,
    "updated": 0
  },
  {
    "id": "22c8abe3-6d11-4a49-9172-0ca8d0610dd8",
    "data": [
      {
        "text": "finished",
        "userDefined": false
      }
    ],
    "isTemplate": false,
    "count": 1,
    "updated": 0
  },
  {
    "id": "b8d77633-d856-4969-b8c2-06a5ea54cc0d",
    "data": [
      {
        "text": "done",
        "userDefined": false
      }
    ],
    "isTemplate": false,
    "count": 0,
    "updated": 0
  }
]