[
  {
    "id": "e7b708d0-4a14-4981-894e-3f046ec59e68",
    "data": [
      {
        "text": "search further",
        "userDefined": false
      }
    ],
    "isTemplate": false,
    "count": 1,
    "updated": 1506285670
  },
  {
    "id": "873f3734-31fc-424c-ae91-45e9ea55f0b7",
    "data": [
      {
        "text": "yes",
        "userDefined": false
      }
    ],
    "isTemplate": false,
    "count": 1,
    "updated": 0
  },
  {
    "id": "4e162339-fbbd-41e3-aa9b-23894f365b59",
    "data": [
      {
        "text": "go on",
        "userDefined": false
      }
    ],
    "isTemplate": false,
    "count": 0,
    "updated": 0
  },
  {
    "id": "b4ca794d-6334-4e7d-bf89-95502a1881f0",
    "data": [
      {
        "text": "tell me more",
        "userDefined": false
      }
    ],
    "isTemplate": false,
    "count": 1,
    "updated": 0
  }
]