[
  {
    "id": "7fdc6b79-e3b6-4cfe-a31a-a39a4c8111ce",
    "data": [
      {
        "text": "Search for ",
        "userDefined": false
      },
      {
        "text": "Chef knife",
        "alias": "any",
        "meta": "@sys.any",
        "userDefined": true
      }
    ],
    "isTemplate": false,
    "count": 0,
    "updated": 1507075836
  },
  {
    "id": "ec8dec48-812e-4695-889e-22bc9d202a25",
    "data": [
      {
        "text": "Google ",
        "userDefined": false
      },
      {
        "text": "puerto rico",
        "alias": "any",
        "meta": "@sys.any",
        "userDefined": true
      }
    ],
    "isTemplate": false,
    "count": 0,
    "updated": 1507075836
  },
  {
    "id": "10c32aa5-22ba-4425-8350-265ad7087382",
    "data": [
      {
        "text": "Search ",
        "userDefined": false
      },
      {
        "text": "tour dates alice glass",
        "alias": "any",
        "meta": "@sys.any",
        "userDefined": true
      }
    ],
    "isTemplate": false,
    "count": 0,
    "updated": 1507075836
  },
  {
    "id": "4e8afaa9-9aee-47e6-a26d-c7646404390b",
    "data": [
      {
        "text": "Search ",
        "userDefined": false
      },
      {
        "text": "fruit candles",
        "alias": "any",
        "meta": "@sys.any",
        "userDefined": true
      }
    ],
    "isTemplate": false,
    "count": 0,
    "updated": 1507075836
  },
  {
    "id": "9841a6cb-a8ae-42d0-adfb-30280c324494",
    "data": [
      {
        "text": "Google ",
        "userDefined": false
      },
      {
        "text": "is water hotter than ice?",
        "alias": "any",
        "meta": "@sys.any",
        "userDefined": true
      }
    ],
    "isTemplate": false,
    "count": 0,
    "updated": 1507075836
  },
  {
    "id": "a6535e9b-b0c5-4c3f-8f48-383b93c02122",
    "data": [
      {
        "text": "Just search for ",
        "userDefined": false
      },
      {
        "text": "bubble gum",
        "alias": "any",
        "meta": "@sys.any",
        "userDefined": true
      }
    ],
    "isTemplate": false,
    "count": 0,
    "updated": 0
  }
]