[
  {
    "id": "254ac380-6d37-4be3-987d-c3f376e7d553",
    "data": [
      {
        "text": "the ",
        "userDefined": false
      },
      {
        "text": "second",
        "alias": "ordinal",
        "meta": "@sys.ordinal",
        "userDefined": true
      }
    ],
    "isTemplate": false,
    "count": 0,
    "updated": 1506295160
  },
  {
    "id": "96352c51-c21f-42a6-a93d-2684d5e231a1",
    "data": [
      {
        "text": "the ",
        "userDefined": false
      },
      {
        "text": "first",
        "alias": "ordinal",
        "meta": "@sys.ordinal",
        "userDefined": true
      },
      {
        "text": " result",
        "userDefined": false
      }
    ],
    "isTemplate": false,
    "count": 0,
    "updated": 1506295160
  },
  {
    "id": "bb0d1eb6-aa2a-4cc2-8708-e92bf95d00a6",
    "data": [
      {
        "text": "the ",
        "userDefined": false
      },
      {
        "text": "fifth",
        "alias": "ordinal",
        "meta": "@sys.ordinal",
        "userDefined": true
      },
      {
        "text": " result",
        "userDefined": false
      }
    ],
    "isTemplate": false,
    "count": 0,
    "updated": 1506295160
  },
  {
    "id": "021a9b3d-5131-4331-977b-f096226f0eff",
    "data": [
      {
        "text": "the ",
        "userDefined": false
      },
      {
        "text": "first",
        "alias": "ordinal",
        "meta": "@sys.ordinal",
        "userDefined": true
      }
    ],
    "isTemplate": false,
    "count": 0,
    "updated": 1506292473
  },
  {
    "id": "d668140e-6204-45a3-920d-aac41aafbb7b",
    "data": [
      {
        "text": "third",
        "alias": "ordinal",
        "meta": "@sys.ordinal",
        "userDefined": true
      }
    ],
    "isTemplate": false,
    "count": 0,
    "updated": 0
  },
  {
    "id": "d861c128-36e8-4522-9bc9-2fbea91199a2",
    "data": [
      {
        "text": "second",
        "alias": "ordinal",
        "meta": "@sys.ordinal",
        "userDefined": true
      },
      {
        "text": " search result",
        "userDefined": false
      }
    ],
    "isTemplate": false,
    "count": 0,
    "updated": 0
  },
  {
    "id": "84eb4dea-890e-4864-b018-b81d25ab5bfc",
    "data": [
      {
        "text": "first",
        "alias": "ordinal",
        "meta": "@sys.ordinal",
        "userDefined": true
      },
      {
        "text": " result",
        "userDefined": false
      }
    ],
    "isTemplate": false,
    "count": 0,
    "updated": 0
  }
]