[
  {
    "id": "ef34fb82-4ad8-4e17-8215-7520062277b0",
    "data": [
      {
        "text": "search on ",
        "userDefined": false
      },
      {
        "text": "google.com",
        "alias": "url",
        "meta": "@sys.url",
        "userDefined": false
      }
    ],
    "isTemplate": false,
    "count": 0,
    "updated": 1507491178
  },
  {
    "id": "30c811d8-3c9f-4645-bb0d-4c0cbc188341",
    "data": [
      {
        "text": "search on ",
        "userDefined": false
      },
      {
        "text": "google.com",
        "alias": "url",
        "meta": "@sys.url",
        "userDefined": false
      },
      {
        "text": " for ",
        "userDefined": false
      },
      {
        "text": "adults",
        "alias": "anyQuery",
        "meta": "@sys.any",
        "userDefined": false
      }
    ],
    "isTemplate": false,
    "count": 0,
    "updated": 1507491178
  },
  {
    "id": "bb6b8089-bf29-4bfe-91ff-8918ac879bd5",
    "data": [
      {
        "text": "search ",
        "userDefined": false
      },
      {
        "text": "for iPhone repair",
        "alias": "anyQuery",
        "meta": "@sys.any",
        "userDefined": false
      },
      {
        "text": " on ",
        "userDefined": false
      },
      {
        "text": "Apple",
        "alias": "domain",
        "meta": "@domain",
        "userDefined": false
      }
    ],
    "isTemplate": false,
    "count": 0,
    "updated": 1507491178
  },
  {
    "id": "891ce039-0052-4bf7-8a87-01280fd0e430",
    "data": [
      {
        "text": "search for ",
        "userDefined": false
      },
      {
        "text": "Mexican food",
        "alias": "anyQuery",
        "meta": "@sys.any",
        "userDefined": false
      },
      {
        "text": " on ",
        "userDefined": false
      },
      {
        "text": "yelp.com",
        "alias": "url",
        "meta": "@sys.url",
        "userDefined": false
      }
    ],
    "isTemplate": false,
    "count": 1,
    "updated": 1507491178
  },
  {
    "id": "e9f3f3ce-8d10-4fa2-86c6-6845dd36c46c",
    "data": [
      {
        "text": "search for ",
        "userDefined": false
      },
      {
        "text": "events",
        "alias": "anyQuery",
        "meta": "@sys.any",
        "userDefined": false
      },
      {
        "text": " on ",
        "userDefined": false
      },
      {
        "text": "youtube.com",
        "alias": "url",
        "meta": "@sys.url",
        "userDefined": false
      }
    ],
    "isTemplate": false,
    "count": 0,
    "updated": 1507491178
  },
  {
    "id": "05e6f833-fbe4-4843-b2e5-d98bcb34f781",
    "data": [
      {
        "text": "search for ",
        "userDefined": false
      },
      {
        "text": "giraffe on",
        "alias": "anyQuery",
        "meta": "@sys.any",
        "userDefined": false
      },
      {
        "text": " ",
        "userDefined": false
      },
      {
        "text": "google.com",
        "alias": "url",
        "meta": "@sys.url",
        "userDefined": false
      }
    ],
    "isTemplate": false,
    "count": 0,
    "updated": 1507491098
  },
  {
    "id": "e7c06fed-cde9-4e0c-9c36-7aa90a02320f",
    "data": [
      {
        "text": "search ",
        "userDefined": false
      },
      {
        "text": "polygon",
        "alias": "domain",
        "meta": "@domain",
        "userDefined": false
      },
      {
        "text": " for ",
        "userDefined": false
      },
      {
        "text": "lost woods",
        "alias": "anyQuery",
        "meta": "@sys.any",
        "userDefined": false
      }
    ],
    "isTemplate": false,
    "count": 0,
    "updated": 1507490998
  },
  {
    "id": "e54f6a36-6397-4915-95a4-54ce7e80303a",
    "data": [
      {
        "text": "search on ",
        "userDefined": false
      },
      {
        "text": "polygon",
        "alias": "domain",
        "meta": "@domain",
        "userDefined": false
      },
      {
        "text": " for ",
        "userDefined": false
      },
      {
        "text": "lost woods",
        "alias": "anyQuery",
        "meta": "@sys.any",
        "userDefined": false
      }
    ],
    "isTemplate": false,
    "count": 0,
    "updated": 1507490998
  },
  {
    "id": "629483e6-28f7-4a51-bffc-7ebb589f40c8",
    "data": [
      {
        "text": "apple",
        "alias": "domain",
        "meta": "@domain",
        "userDefined": false
      },
      {
        "text": " for ",
        "userDefined": false
      },
      {
        "text": "lost iphone",
        "alias": "anyQuery",
        "meta": "@sys.any",
        "userDefined": true
      }
    ],
    "isTemplate": false,
    "count": 0,
    "updated": 1507480880
  },
  {
    "id": "8c872b65-0303-409d-b495-6effb8065c16",
    "data": [
      {
        "text": "Search on ",
        "userDefined": false
      },
      {
        "text": "yelp",
        "alias": "domain",
        "meta": "@domain",
        "userDefined": true
      },
      {
        "text": " for ",
        "userDefined": false
      },
      {
        "text": "cheap food",
        "alias": "anyQuery",
        "meta": "@sys.any",
        "userDefined": true
      }
    ],
    "isTemplate": false,
    "count": 0,
    "updated": 1507479696
  },
  {
    "id": "a5a8b349-55ab-4b54-9ae3-13518cbc1617",
    "data": [
      {
        "text": "Search website for ",
        "userDefined": false
      },
      {
        "text": "panda bears",
        "alias": "anyQuery",
        "meta": "@sys.any",
        "userDefined": true
      }
    ],
    "isTemplate": false,
    "count": 1,
    "updated": 1507075642
  },
  {
    "id": "27dec88c-5573-4de2-a557-05e983bcd723",
    "data": [
      {
        "text": "custom search for ",
        "userDefined": false
      },
      {
        "text": "pineapple",
        "alias": "anyQuery",
        "meta": "@sys.any",
        "userDefined": true
      }
    ],
    "isTemplate": false,
    "count": 0,
    "updated": 1507075642
  },
  {
    "id": "a8573901-738e-4e2e-b839-20c4aa3dd3a9",
    "data": [
      {
        "text": "Search ",
        "userDefined": false
      },
      {
        "text": "funny cat video",
        "alias": "anyQuery",
        "meta": "@sys.any",
        "userDefined": true
      },
      {
        "text": " on ",
        "userDefined": false
      },
      {
        "text": "youtube",
        "alias": "domain",
        "meta": "@domain",
        "userDefined": true
      }
    ],
    "isTemplate": false,
    "count": 0,
    "updated": 1506216084
  },
  {
    "id": "6f0c9c29-4da5-456f-aaea-a7ca4d2c376e",
    "data": [
      {
        "text": "Search ",
        "userDefined": false
      },
      {
        "text": "wikipedia",
        "alias": "domain",
        "meta": "@domain",
        "userDefined": true
      },
      {
        "text": " for ",
        "userDefined": false
      },
      {
        "text": "mammals",
        "alias": "anyQuery",
        "meta": "@sys.any",
        "userDefined": true
      }
    ],
    "isTemplate": false,
    "count": 0,
    "updated": 1506216084
  },
  {
    "id": "3053f1de-2c5a-42e0-a6c9-5089ac5c63bd",
    "data": [
      {
        "text": "Search on ",
        "userDefined": false
      },
      {
        "text": "web.de",
        "alias": "url",
        "meta": "@sys.url",
        "userDefined": false
      },
      {
        "text": " for ",
        "userDefined": false
      },
      {
        "text": "light",
        "alias": "anyQuery",
        "meta": "@sys.any",
        "userDefined": false
      }
    ],
    "isTemplate": false,
    "count": 3,
    "updated": 0
  },
  {
    "id": "3b9e7710-2795-4638-83c2-a8eedb6f115e",
    "data": [
      {
        "text": "Search on ",
        "userDefined": false
      },
      {
        "text": "google.com",
        "alias": "url",
        "meta": "@sys.url",
        "userDefined": false
      },
      {
        "text": " for ",
        "userDefined": false
      },
      {
        "text": "hate",
        "alias": "anyQuery",
        "meta": "@sys.any",
        "userDefined": false
      }
    ],
    "isTemplate": false,
    "count": 1,
    "updated": 0
  },
  {
    "id": "06167286-0d21-499e-bda7-3c258705f97f",
    "data": [
      {
        "text": "Search on ",
        "userDefined": false
      },
      {
        "text": "wikipedia.org",
        "alias": "url",
        "meta": "@sys.url",
        "userDefined": true
      },
      {
        "text": " for ",
        "userDefined": false
      },
      {
        "text": "hate",
        "alias": "anyQuery",
        "meta": "@sys.any",
        "userDefined": true
      }
    ],
    "isTemplate": false,
    "count": 0,
    "updated": 1503799309
  },
  {
    "id": "90164afe-1402-4877-897e-22e3fceef85a",
    "data": [
      {
        "text": "Search on ",
        "userDefined": false
      },
      {
        "text": "facebook.com",
        "alias": "url",
        "meta": "@sys.url",
        "userDefined": true
      },
      {
        "text": " for ",
        "userDefined": false
      },
      {
        "text": "My least favorite friends",
        "alias": "anyQuery",
        "meta": "@sys.any",
        "userDefined": true
      }
    ],
    "isTemplate": false,
    "count": 0,
    "updated": 1503799309
  },
  {
    "id": "106d56bf-405c-4ccd-b8e2-28c6adbb164d",
    "data": [
      {
        "text": "search on ",
        "userDefined": false
      },
      {
        "text": "chefcook.com",
        "alias": "url",
        "meta": "@sys.url",
        "userDefined": true
      },
      {
        "text": " for ",
        "userDefined": false
      },
      {
        "text": "rice cookies",
        "alias": "anyQuery",
        "meta": "@sys.any",
        "userDefined": true
      }
    ],
    "isTemplate": false,
    "count": 0,
    "updated": 1503799196
  },
  {
    "id": "34401fa4-c1d2-48ef-bb7e-ee3c3d3f744f",
    "data": [
      {
        "text": "Look up ",
        "userDefined": false
      },
      {
        "text": "What is life",
        "alias": "anyQuery",
        "meta": "@sys.any",
        "userDefined": true
      },
      {
        "text": " on ",
        "userDefined": false
      },
      {
        "text": "google.com",
        "alias": "url",
        "meta": "@sys.url",
        "userDefined": true
      }
    ],
    "isTemplate": false,
    "count": 0,
    "updated": 1503799196
  },
  {
    "id": "b82bf9d1-ceb9-4c1e-ba46-919ed729b0d3",
    "data": [
      {
        "text": "Search on ",
        "userDefined": false
      },
      {
        "text": "google.com",
        "alias": "url",
        "meta": "@sys.url",
        "userDefined": true
      },
      {
        "text": " for ",
        "userDefined": false
      },
      {
        "text": "chicken fingers",
        "alias": "anyQuery",
        "meta": "@sys.any",
        "userDefined": true
      }
    ],
    "isTemplate": false,
    "count": 0,
    "updated": 0
  }
]