[
  {
    "id": "a5a8b349-55ab-4b54-9ae3-13518cbc1617",
    "data": [
      {
        "text": "Search website for ",
        "userDefined": false
      },
      {
        "text": "panda bears",
        "alias": "anyQuery",
        "meta": "@sys.any",
        "userDefined": true
      }
    ],
    "isTemplate": false,
    "count": 1,
    "updated": 1507075642
  },
  {
    "id": "27dec88c-5573-4de2-a557-05e983bcd723",
    "data": [
      {
        "text": "custom search for ",
        "userDefined": false
      },
      {
        "text": "pineapple",
        "alias": "anyQuery",
        "meta": "@sys.any",
        "userDefined": true
      }
    ],
    "isTemplate": false,
    "count": 0,
    "updated": 1507075642
  },
  {
    "id": "a8573901-738e-4e2e-b839-20c4aa3dd3a9",
    "data": [
      {
        "text": "Search ",
        "userDefined": false
      },
      {
        "text": "funny cat video",
        "alias": "anyQuery",
        "meta": "@sys.any",
        "userDefined": true
      },
      {
        "text": " on ",
        "userDefined": false
      },
      {
        "text": "youtube",
        "alias": "domain",
        "meta": "@domain",
        "userDefined": true
      }
    ],
    "isTemplate": false,
    "count": 0,
    "updated": 1506216084
  },
  {
    "id": "6f0c9c29-4da5-456f-aaea-a7ca4d2c376e",
    "data": [
      {
        "text": "Search ",
        "userDefined": false
      },
      {
        "text": "wikipedia",
        "alias": "domain",
        "meta": "@domain",
        "userDefined": true
      },
      {
        "text": " for ",
        "userDefined": false
      },
      {
        "text": "mammals",
        "alias": "anyQuery",
        "meta": "@sys.any",
        "userDefined": true
      }
    ],
    "isTemplate": false,
    "count": 0,
    "updated": 1506216084
  },
  {
    "id": "3053f1de-2c5a-42e0-a6c9-5089ac5c63bd",
    "data": [
      {
        "text": "Search on ",
        "userDefined": false
      },
      {
        "text": "web.de",
        "alias": "url",
        "meta": "@sys.url",
        "userDefined": false
      },
      {
        "text": " for ",
        "userDefined": false
      },
      {
        "text": "light",
        "alias": "anyQuery",
        "meta": "@sys.any",
        "userDefined": false
      }
    ],
    "isTemplate": false,
    "count": 3,
    "updated": 0
  },
  {
    "id": "3b9e7710-2795-4638-83c2-a8eedb6f115e",
    "data": [
      {
        "text": "Search on ",
        "userDefined": false
      },
      {
        "text": "google.com",
        "alias": "url",
        "meta": "@sys.url",
        "userDefined": false
      },
      {
        "text": " for ",
        "userDefined": false
      },
      {
        "text": "hate",
        "alias": "anyQuery",
        "meta": "@sys.any",
        "userDefined": false
      }
    ],
    "isTemplate": false,
    "count": 1,
    "updated": 0
  },
  {
    "id": "06167286-0d21-499e-bda7-3c258705f97f",
    "data": [
      {
        "text": "Search on ",
        "userDefined": false
      },
      {
        "text": "wikipedia.org",
        "alias": "url",
        "meta": "@sys.url",
        "userDefined": true
      },
      {
        "text": " for ",
        "userDefined": false
      },
      {
        "text": "hate",
        "alias": "anyQuery",
        "meta": "@sys.any",
        "userDefined": true
      }
    ],
    "isTemplate": false,
    "count": 0,
    "updated": 1503799309
  },
  {
    "id": "90164afe-1402-4877-897e-22e3fceef85a",
    "data": [
      {
        "text": "Search on ",
        "userDefined": false
      },
      {
        "text": "facebook.com",
        "alias": "url",
        "meta": "@sys.url",
        "userDefined": true
      },
      {
        "text": " for ",
        "userDefined": false
      },
      {
        "text": "My least favorite friends",
        "alias": "anyQuery",
        "meta": "@sys.any",
        "userDefined": true
      }
    ],
    "isTemplate": false,
    "count": 0,
    "updated": 1503799309
  },
  {
    "id": "106d56bf-405c-4ccd-b8e2-28c6adbb164d",
    "data": [
      {
        "text": "search on ",
        "userDefined": false
      },
      {
        "text": "chefcook.com",
        "alias": "url",
        "meta": "@sys.url",
        "userDefined": true
      },
      {
        "text": " for ",
        "userDefined": false
      },
      {
        "text": "rice cookies",
        "alias": "anyQuery",
        "meta": "@sys.any",
        "userDefined": true
      }
    ],
    "isTemplate": false,
    "count": 0,
    "updated": 1503799196
  },
  {
    "id": "34401fa4-c1d2-48ef-bb7e-ee3c3d3f744f",
    "data": [
      {
        "text": "Look up ",
        "userDefined": false
      },
      {
        "text": "What is life",
        "alias": "anyQuery",
        "meta": "@sys.any",
        "userDefined": true
      },
      {
        "text": " on ",
        "userDefined": false
      },
      {
        "text": "google.com",
        "alias": "url",
        "meta": "@sys.url",
        "userDefined": true
      }
    ],
    "isTemplate": false,
    "count": 0,
    "updated": 1503799196
  },
  {
    "id": "b82bf9d1-ceb9-4c1e-ba46-919ed729b0d3",
    "data": [
      {
        "text": "Search on ",
        "userDefined": false
      },
      {
        "text": "google.com",
        "alias": "url",
        "meta": "@sys.url",
        "userDefined": true
      },
      {
        "text": " for ",
        "userDefined": false
      },
      {
        "text": "chicken fingers",
        "alias": "anyQuery",
        "meta": "@sys.any",
        "userDefined": true
      }
    ],
    "isTemplate": false,
    "count": 0,
    "updated": 0
  }
]