[
  {
    "id": "ef54478b-7ffd-4983-9f13-4cf42c210fa5",
    "data": [
      {
        "text": "on ",
        "userDefined": false
      },
      {
        "text": "apple",
        "alias": "domain",
        "meta": "@domain",
        "userDefined": true
      }
    ],
    "isTemplate": false,
    "count": 0,
    "updated": 1506222184
  },
  {
    "id": "241bb248-9687-4689-b1f7-78461b742405",
    "data": [
      {
        "text": "on ",
        "userDefined": false
      },
      {
        "text": "flickr.com",
        "alias": "url",
        "meta": "@sys.url",
        "userDefined": true
      }
    ],
    "isTemplate": false,
    "count": 0,
    "updated": 1506222184
  },
  {
    "id": "36580384-2fea-4e80-8e53-ef6545e8c2a8",
    "data": [
      {
        "text": "google",
        "alias": "domain",
        "meta": "@domain",
        "userDefined": true
      }
    ],
    "isTemplate": false,
    "count": 0,
    "updated": 0
  },
  {
    "id": "b00a94bd-02ad-4125-ad67-90c48f082c79",
    "data": [
      {
        "text": "reddit.com",
        "alias": "url",
        "meta": "@sys.url",
        "userDefined": true
      }
    ],
    "isTemplate": false,
    "count": 0,
    "updated": 0
  }
]