[
  {
    "value": "wikipedia.com",
    "synonyms": [
      "wikipedia "
    ]
  },
  {
    "value": "apple.com",
    "synonyms": [
      "apple"
    ]
  },
  {
    "value": "google.com",
    "synonyms": [
      "google"
    ]
  },
  {
    "value": "amazon.com",
    "synonyms": [
      "amazon"
    ]
  },
  {
    "value": "twitter.com",
    "synonyms": [
      "twitter"
    ]
  },
  {
    "value": "youtube.com",
    "synonyms": [
      "youtube"
    ]
  },
  {
    "value": "yelp.com",
    "synonyms": [
      "yelp"
    ]
  }
]