[
  {
    "value": "wikipedia.com",
    "synonyms": [
      "wikipedia "
    ]
  },
  {
    "value": "apple.com",
    "synonyms": [
      "apple"
    ]
  },
  {
    "value": "google.com",
    "synonyms": [
      "google"
    ]
  },
  {
    "value": "amazon.com",
    "synonyms": [
      "amazon"
    ]
  },
  {
    "value": "twitter.com",
    "synonyms": [
      "twitter"
    ]
  },
  {
    "value": "youtube.com",
    "synonyms": [
      "youtube"
    ]
  },
  {
    "value": "yelp.com",
    "synonyms": [
      "yelp"
    ]
  },
  {
    "value": "reddit.com",
    "synonyms": [
      "reddit"
    ]
  },
  {
    "value": "instagram.com",
    "synonyms": [
      "instagram"
    ]
  },
  {
    "value": "netflix.com",
    "synonyms": [
      "netflix"
    ]
  },
  {
    "value": "ebay.com",
    "synonyms": [
      "ebay"
    ]
  },
  {
    "value": "tumblr.com",
    "synonyms": [
      "tumblr"
    ]
  },
  {
    "value": "github.com",
    "synonyms": [
      "github"
    ]
  },
  {
    "value": "pinterest.com",
    "synonyms": [
      "pinterest"
    ]
  },
  {
    "value": "soundcloud.com",
    "synonyms": [
      "soundcloud"
    ]
  },
  {
    "value": "nytimes.com",
    "synonyms": [
      "new york times"
    ]
  },
  {
    "value": "quora.com",
    "synonyms": [
      "quora"
    ]
  },
  {
    "value": "airbnb.com",
    "synonyms": [
      "air bnb"
    ]
  },
  {
    "value": "chefkoch.de",
    "synonyms": [
      "chef koch"
    ]
  },
  {
    "value": "allrecipes.com",
    "synonyms": [
      "allrecipes"
    ]
  },
  {
    "value": "polygon.com",
    "synonyms": [
      "polygon"
    ]
  }
]